no,nama_file,luas_daun,luas_lesi,severity_estimation
1,00001_frog_eye_leaf_spot_jpg.rf.806a4e55716bb6c2867fb0b5d91625f0.jpg,1903944,39870,2.09%
2,00002_frog_eye_leaf_spot_jpg.rf.86ba81c9c485f1b7bae660b9c159e372.jpg,4243697,20146,0.47%
3,00003_frog_eye_leaf_spot_jpg.rf.9ea9e8a1bf55912cf436ac51f4cc7d3c.jpg,4806180,39947,0.83%
4,00004_frog_eye_leaf_spot_jpg.rf.44759921f9dee5a1300ca6b0d108b899.jpg,3892175,22965,0.59%
5,00005_frog_eye_leaf_spot_jpg.rf.44ce7a6495450428c4ef8ccdac5fda95.jpg,5035274,7457,0.15%
6,00006_frog_eye_leaf_spot_jpg.rf.4b746cfab59b3660328b5560f7ddce87.jpg,2381893,44100,1.85%
7,00007_frog_eye_leaf_spot_jpg.rf.e4592b4dd00e58eea06aa8ea66020451.jpg,3149827,131594,4.18%
8,00008_frog_eye_leaf_spot_jpg.rf.d5f2b374e7e1fcae9f152ffe44dd78a7.jpg,3743143,64849,1.73%
9,00009_frog_eye_leaf_spot_jpg.rf.55071c9cf25884b392ea758324b8d76c.jpg,2461834,82028,3.33%
10,00010_frog_eye_leaf_spot_jpg.rf.e7890eb2e70d7a2aaca79573f411b83c.jpg,6705432,15063,0.22%
11,00011_frog_eye_leaf_spot_jpg.rf.bcdea06c432ba2753d3e6f31c4c21323.jpg,2634446,20234,0.77%
12,00012_frog_eye_leaf_spot_jpg.rf.8b59079062fbb235fcc398680e81b75b.jpg,5220953,67585,1.29%
13,00013_frog_eye_leaf_spot_jpg.rf.670760f81712542fa52468193a3da28a.jpg,2281007,33166,1.45%
14,00014_frog_eye_leaf_spot_jpg.rf.16357a8b2dce552ae36383f3f6095929.jpg,5394122,23707,0.44%
15,00016_frog_eye_leaf_spot_jpg.rf.819888c4ebcb5ad36404f7f6358bebf1.jpg,3460829,9922,0.29%
16,00017_frog_eye_leaf_spot_jpg.rf.dd4b23a0492e872557b6452af66cb7d9.jpg,3431062,35289,1.03%
17,00018_frog_eye_leaf_spot_jpg.rf.1de11ffc3c9e8f0c17b3a15035404f72.jpg,2159004,7045,0.33%
18,00019_frog_eye_leaf_spot_jpg.rf.bc554f9404951ab91f50a05b4af42c13.jpg,3831094,120233,3.14%
19,00020_frog_eye_leaf_spot_jpg.rf.d34be1c4f7d78c5b153683ad29ed4b09.jpg,5275677,77984,1.48%
20,00021_frog_eye_leaf_spot_jpg.rf.55459879607cf35786b670c190e2756e.jpg,3890050,55270,1.42%
21,00022_frog_eye_leaf_spot_jpg.rf.d5c4c64b8445169e44b53a5713cfde33.jpg,2845279,69600,2.45%
22,00023_frog_eye_leaf_spot_jpg.rf.243b71685cb4e37133acf716e0bec103.jpg,4389265,80026,1.82%
23,00024_frog_eye_leaf_spot_jpg.rf.567ced8328567c31d5c3438bfac92d5c.jpg,1781529,60292,3.38%
24,00025_frog_eye_leaf_spot_jpg.rf.805f4eea86d3edc7cbf4ffe44b261bc5.jpg,6515881,21541,0.33%
25,00026_frog_eye_leaf_spot_jpg.rf.dd9aceb3c783e0794e50e24ce8590b3e.jpg,3098536,39285,1.27%
26,00027_frog_eye_leaf_spot_jpg.rf.b449b9104c34b514300bac659acfb38e.jpg,3202227,6816,0.21%
27,00028_frog_eye_leaf_spot_jpg.rf.8b351158640fe11478cbd835c44d7abb.jpg,2176650,10757,0.49%
28,00029_frog_eye_leaf_spot_jpg.rf.d5a6161a1799f12a1c8ae8dfb20b55d7.jpg,2093380,20759,0.99%
29,00030_frog_eye_leaf_spot_jpg.rf.3831fe7523dda115e51ac1b999b0ef91.jpg,7924103,189728,2.39%
30,00031_frog_eye_leaf_spot_jpg.rf.a55e462e91cd811712b354522319f115.jpg,3037324,235378,7.75%
31,00032_frog_eye_leaf_spot_jpg.rf.68c81156688bd6ced7b0ef941e2c46fd.jpg,5663685,17657,0.31%
32,00033_frog_eye_leaf_spot_jpg.rf.cddea9469bc92f958e4d451d3913b053.jpg,2035184,36739,1.81%
33,00034_frog_eye_leaf_spot_jpg.rf.cbaa99bbd414e671a89a925eb2cc7f54.jpg,5024753,26023,0.52%
34,00035_frog_eye_leaf_spot_jpg.rf.c6645dc5dd6972523e883614d63b776b.jpg,3518558,25345,0.72%
35,00036_frog_eye_leaf_spot_jpg.rf.91d8c756c84f443626f2fc43e23ae71a.jpg,1188489,44420,3.74%
36,00037_frog_eye_leaf_spot_jpg.rf.e5a95801b20f558bf1778b70ff37ccea.jpg,3317615,0,0.00%
37,00038_frog_eye_leaf_spot_jpg.rf.7df2b85c4b4a8d95288a0fd381bb28ad.jpg,3862733,28898,0.75%
38,00039_frog_eye_leaf_spot_jpg.rf.f3df891535935ddfff5d052e397bcb75.jpg,2664090,16513,0.62%
39,00040_frog_eye_leaf_spot_jpg.rf.e148a0775d1e048c8cafb0726ea1c4ca.jpg,2066922,21286,1.03%
40,00041_frog_eye_leaf_spot_jpg.rf.6d6ce1d4bafb61faecb1b014b89441e0.jpg,4069940,9353,0.23%
41,00042_frog_eye_leaf_spot_jpg.rf.0c1b76407c6e797e518790843cb0c2d4.jpg,5221578,67074,1.28%
42,00043_frog_eye_leaf_spot_jpg.rf.d4eca69afc448048f734ae96572aab40.jpg,4210269,87121,2.07%
43,00044_frog_eye_leaf_spot_jpg.rf.db630e7e801b4cf10855db6e502718b1.jpg,5386444,13313,0.25%
44,00045_frog_eye_leaf_spot_jpg.rf.d2a187c3fe3a8f1b05bd4ab4b76ddf45.jpg,1324533,25334,1.91%
45,00046_frog_eye_leaf_spot_jpg.rf.961095af844d805779cab639b3bbb295.jpg,5753906,76026,1.32%
46,00047_frog_eye_leaf_spot_jpg.rf.fbfa707ada8892d9674d26b4501f6f2f.jpg,2366667,45332,1.92%
47,00048_frog_eye_leaf_spot_jpg.rf.0f0d8ce76f72bcacb7ecd57aab00f007.jpg,4773454,15409,0.32%
48,00049_frog_eye_leaf_spot_jpg.rf.d344e0ff44f22644a3ec6bed055c1e8a.jpg,3873891,4486,0.12%
49,00050_frog_eye_leaf_spot_jpg.rf.9ea86585758ad677ac10c90d2764412c.jpg,3311673,54462,1.64%
50,00051_frog_eye_leaf_spot_jpg.rf.6770c4745a8ec47886d809b3463b85cd.jpg,2001436,21586,1.08%
51,00052_frog_eye_leaf_spot_jpg.rf.c34d5f5c2377d1f6b43db6137bb89a19.jpg,4093297,21058,0.51%
52,00053_frog_eye_leaf_spot_jpg.rf.5f86df4397b0d22b03bf91ad4c126b24.jpg,5471306,73294,1.34%
53,00054_frog_eye_leaf_spot_jpg.rf.ce429d41880f1851c1d63b769cc816db.jpg,3894723,43596,1.12%
54,00055_frog_eye_leaf_spot_jpg.rf.b329d026642a3940bd0639408bbf7fdf.jpg,4993828,9942,0.20%
55,00056_frog_eye_leaf_spot_jpg.rf.988c7f0d2dd4d47d0a18325f45c6f647.jpg,5003079,230163,4.60%
56,00057_frog_eye_leaf_spot_jpg.rf.7e9d9d3a37179c5d094e7f4a4cf97ca5.jpg,3056057,12034,0.39%
57,00058_frog_eye_leaf_spot_jpg.rf.ae2cae5fec88ce8286b38f0fe5caf8f8.jpg,5154693,97470,1.89%
58,00059_frog_eye_leaf_spot_jpg.rf.42d0e9da5dbf368820b2124ac6ed37eb.jpg,6014390,70343,1.17%
59,00060_frog_eye_leaf_spot_jpg.rf.624423d66fbde787aaf71a77d8159664.jpg,4989542,7068,0.14%
60,00062_frog_eye_leaf_spot_jpg.rf.b669409a1c54daa6d78b9d5daebfa728.jpg,2668981,67814,2.54%
61,00063_frog_eye_leaf_spot_jpg.rf.4ddedd4dd35a58f018de5dee3611a1ca.jpg,5570775,204195,3.67%
62,00064_frog_eye_leaf_spot_jpg.rf.9613b9fca76bba57a24987e56fcf2333.jpg,3725830,37915,1.02%
63,00065_frog_eye_leaf_spot_jpg.rf.e33e00b76a2ea3d10e96aa735fc7df33.jpg,4739827,45290,0.96%
64,00066_frog_eye_leaf_spot_jpg.rf.f773b7182007a18ba6edf46d419bbeab.jpg,4493927,76278,1.70%
65,00067_frog_eye_leaf_spot_jpg.rf.585196ebedb33ef7981704bd48325894.jpg,4378967,14111,0.32%
66,00068_frog_eye_leaf_spot_jpg.rf.d1619f8479c3198dceba7aec2f47a2f4.jpg,3543285,66690,1.88%
67,00069_frog_eye_leaf_spot_jpg.rf.13a978ecc39de431304013fdb3a2c8e0.jpg,4595960,20727,0.45%
68,00070_frog_eye_leaf_spot_jpg.rf.5156434754bbb971793958b7f7f6ff28.jpg,3435788,52118,1.52%
69,00071_frog_eye_leaf_spot_jpg.rf.c3c710658d0f0ed2ddf0c502ea045fa2.jpg,3158598,91993,2.91%
70,00072_frog_eye_leaf_spot_jpg.rf.845fd38a339083fe26362fcedd4638cf.jpg,2328013,76047,3.27%
71,00073_frog_eye_leaf_spot_jpg.rf.59c6af4bd38cb58aa68cf6a861d59a22.jpg,4040538,70274,1.74%
72,00074_frog_eye_leaf_spot_jpg.rf.bfdc1a3f4cba76aa9e6836cc2cffbb38.jpg,4283218,80223,1.87%
73,00075_frog_eye_leaf_spot_jpg.rf.8aa65a42897db69b6f3ee444be208ab8.jpg,5369206,17021,0.32%
74,00076_frog_eye_leaf_spot_jpg.rf.1835458d7df00fedeb98dc2b39e3e529.jpg,2882124,43908,1.52%
75,00077_frog_eye_leaf_spot_jpg.rf.427346a5448823481b8b51bc7bbe6d0e.jpg,4997906,8515,0.17%
76,00078_frog_eye_leaf_spot_jpg.rf.bff8b9bf0730539b2e7440eef55631cf.jpg,4282901,42761,1.00%
77,00079_frog_eye_leaf_spot_jpg.rf.bb77783b89958fc11559d7d2b3dd9e3a.jpg,5513583,28891,0.52%
78,00080_frog_eye_leaf_spot_jpg.rf.a170c3e5d301beefef13d21de9ca1850.jpg,6975866,58869,0.84%
79,00081_frog_eye_leaf_spot_jpg.rf.f993e498aa95a26b3008c0b2e7f4f7ce.jpg,5608534,163099,2.91%
80,00082_frog_eye_leaf_spot_jpg.rf.bedd61667066951f9aa985b86b7afd3c.jpg,2760854,38808,1.41%
81,00083_frog_eye_leaf_spot_jpg.rf.94518484dc3be1f8873263f25f775ce6.jpg,1607234,36360,2.26%
82,00084_frog_eye_leaf_spot_jpg.rf.ec17053340b735cd948bc1a07edc431f.jpg,3941612,9623,0.24%
83,00085_frog_eye_leaf_spot_jpg.rf.9632de05fc5b4c442b27b25f646417be.jpg,1865377,106652,5.72%
84,00086_frog_eye_leaf_spot_jpg.rf.c63af056af5eb17f450d5f679b34728e.jpg,4073389,39127,0.96%
85,00087_frog_eye_leaf_spot_jpg.rf.6a30f8954313762bcd1ff053f5f780d1.jpg,3790108,38992,1.03%
86,00088_frog_eye_leaf_spot_jpg.rf.e4c2f4753b82a406db64ca0b49f48391.jpg,5509468,36190,0.66%
87,00089_frog_eye_leaf_spot_jpg.rf.ae095c32a32a76a997ec5c9561f76497.jpg,3217442,31189,0.97%
88,00090_frog_eye_leaf_spot_jpg.rf.a2f28017993cd0c93b14ee776368c813.jpg,5082033,9565,0.19%
89,00091_frog_eye_leaf_spot_jpg.rf.66ebc5db3ee13206dc97ae0362b08198.jpg,6780746,13705,0.20%
90,00092_frog_eye_leaf_spot_jpg.rf.24bfd8b4cadf840df1b5a04367636c2b.jpg,4874891,150372,3.08%
91,00093_frog_eye_leaf_spot_jpg.rf.f3936afe3ecb5143b8462c435e869dc8.jpg,4907758,27609,0.56%
92,00094_frog_eye_leaf_spot_jpg.rf.b8c88ad4c5e84b16fbb1a8ad229c6f76.jpg,4644533,77647,1.67%
93,00095_frog_eye_leaf_spot_jpg.rf.7e53eca5bb71e7413d3a6f32e305f6fd.jpg,4518211,34922,0.77%
94,00096_frog_eye_leaf_spot_jpg.rf.fe3a6ef71f5c45723dd399dcb145b802.jpg,3450692,98489,2.85%
95,00097_frog_eye_leaf_spot_jpg.rf.8b7c391cba4beab9fff4eaf546bbf0d1.jpg,3280546,23471,0.72%
96,00098_frog_eye_leaf_spot_jpg.rf.3a76c80de661d0730ef25ab3846cc46d.jpg,3428352,10921,0.32%
97,00099_frog_eye_leaf_spot_jpg.rf.1d1565c579a190a0e36a586bf89ac2c1.jpg,5564011,100889,1.81%
98,00100_frog_eye_leaf_spot_jpg.rf.436bd91c1874c12deece4745cd90a87d.jpg,3801022,10303,0.27%
99,00101_frog_eye_leaf_spot_jpg.rf.6250f323f690e2e603e267c03f3cde88.jpg,3616125,19639,0.54%
100,00102_frog_eye_leaf_spot_jpg.rf.c3d50f42c2563cd351fde065f35277c7.jpg,4137743,7195,0.17%
101,00103_frog_eye_leaf_spot_jpg.rf.2201cd6b4915614f8efd14999e80db94.jpg,3888136,25109,0.65%
102,00104_frog_eye_leaf_spot_jpg.rf.4772d8ccd98f27afdb49f2eaff610431.jpg,3411835,22080,0.65%
103,00105_frog_eye_leaf_spot_jpg.rf.ca620af73bec94977a58f47fca00a3e4.jpg,1795059,24703,1.38%
104,00106_frog_eye_leaf_spot_jpg.rf.b3671c716cd8b5c665dbb3bb35f94085.jpg,4818382,33919,0.70%
105,00107_frog_eye_leaf_spot_jpg.rf.e1015fefdccd88e083785efe594c8aa9.jpg,4850228,58343,1.20%
106,00108_frog_eye_leaf_spot_jpg.rf.76495f72c715004b598dd532e83fadca.jpg,7491681,12941,0.17%
107,00109_frog_eye_leaf_spot_jpg.rf.21852800f7ddd73842fd9a5b886e54fb.jpg,5430503,34286,0.63%
108,00110_frog_eye_leaf_spot_jpg.rf.df73a7778cb8362e859be49bc4afe079.jpg,5402293,147227,2.73%
109,00111_frog_eye_leaf_spot_jpg.rf.d58de536042a173fcaae9bebbfd2502f.jpg,5178279,13526,0.26%
110,00112_frog_eye_leaf_spot_jpg.rf.c5dba98ee5b82d2dbd05fda43481532f.jpg,3071207,27957,0.91%
111,00113_frog_eye_leaf_spot_jpg.rf.fcd2d043fbcb388061085b26bf68efd1.jpg,4864482,24123,0.50%
112,00114_frog_eye_leaf_spot_jpg.rf.daf93b0dd6150345bda805fbd3a545b1.jpg,4358932,16131,0.37%
113,00115_frog_eye_leaf_spot_jpg.rf.40d1cd680a8a6f059902e340cf458203.jpg,5727919,24242,0.42%
114,00116_frog_eye_leaf_spot_jpg.rf.00439b3ac503704cb4dfb7acd6f56a78.jpg,1626072,9434,0.58%
115,00117_frog_eye_leaf_spot_jpg.rf.55b18e1f409bd06daf07117e80e677d6.jpg,4263665,20235,0.47%
116,00118_frog_eye_leaf_spot_jpg.rf.cee9ce20223dd9c76f440a0ddca27d9d.jpg,3384606,221609,6.55%
117,00119_frog_eye_leaf_spot_jpg.rf.ec86c695a846b9a3d026927de1ac8980.jpg,3436356,21086,0.61%
118,00120_frog_eye_leaf_spot_jpg.rf.2e288419aafb377081d82ec57082a7ce.jpg,4968635,19203,0.39%
119,00121_frog_eye_leaf_spot_jpg.rf.43a92e50ba236ed0e3118fcc02f6bd11.jpg,4706434,61696,1.31%
120,00122_frog_eye_leaf_spot_jpg.rf.f51a95f99118098cf006fbd40a378523.jpg,1582686,38070,2.41%
121,00123_frog_eye_leaf_spot_jpg.rf.576771aa7892eb462fc33d8c6ee55e5d.jpg,2643202,10538,0.40%
122,00124_frog_eye_leaf_spot_jpg.rf.2d161d925a76e7e08f369f26ac06870b.jpg,3431140,63461,1.85%
123,00125_frog_eye_leaf_spot_jpg.rf.296c182ed2a2cdbbf3f937d5c866a3ae.jpg,3599358,139621,3.88%
124,00126_frog_eye_leaf_spot_jpg.rf.d6808eb2118623a3a0b2a5c4af33cd5a.jpg,2612761,23298,0.89%
125,00127_frog_eye_leaf_spot_jpg.rf.7691f65d92e65f2259d8bca16f7749f8.jpg,4575921,41732,0.91%
126,00128_frog_eye_leaf_spot_jpg.rf.cfe18b65d6ef654b4a175245073e6f41.jpg,3068170,15697,0.51%
127,00129_frog_eye_leaf_spot_jpg.rf.ba95e85dc92c6c38a408add6750d50d9.jpg,2693549,18578,0.69%
128,00130_frog_eye_leaf_spot_jpg.rf.60fc904f2d75e0f1df6b40a3dea3f5c4.jpg,3785728,106266,2.81%
129,00131_frog_eye_leaf_spot_jpg.rf.b635bf1497a69606db3079a68f76e67e.jpg,5536903,26749,0.48%
130,00132_frog_eye_leaf_spot_jpg.rf.21c85651e7d2a17f029360903f5d8b02.jpg,4622684,12932,0.28%
131,00133_frog_eye_leaf_spot_jpg.rf.1e768a3ccb4b8ddeffbf73de13fa8b51.jpg,3563896,35624,1.00%
132,00134_frog_eye_leaf_spot_jpg.rf.2bd5af7b54b21a685cce4f26839b0b32.jpg,5776779,45513,0.79%
133,00135_frog_eye_leaf_spot_jpg.rf.0192d5b5359838e18a9d22d2d72f075c.jpg,5699108,98819,1.73%
134,00136_frog_eye_leaf_spot_jpg.rf.f9b1281d76ec8e7bcecd80e43d897125.jpg,4332130,87131,2.01%
135,00137_frog_eye_leaf_spot_jpg.rf.78bdc77b9097626173a4435f1a36f7f2.jpg,3845771,133845,3.48%
136,00138_frog_eye_leaf_spot_jpg.rf.90277708268df9aaf2b354e70c027e37.jpg,5816558,44703,0.77%
137,00139_frog_eye_leaf_spot_jpg.rf.185e119053b6c565289b62f523ccb876.jpg,4554439,44606,0.98%
138,00140_frog_eye_leaf_spot_jpg.rf.fab8aeb723bf8ef772171e9336a0c2c9.jpg,4903338,110741,2.26%
139,00141_frog_eye_leaf_spot_jpg.rf.9b39500ba38871787135d8329d7e5674.jpg,1821566,8268,0.45%
140,00142_frog_eye_leaf_spot_jpg.rf.d392d0c19553386c075492419722245b.jpg,5361121,41937,0.78%
141,00143_frog_eye_leaf_spot_jpg.rf.6777f80a240c4dd6bbbc8817968045b9.jpg,2227578,33210,1.49%
142,00144_frog_eye_leaf_spot_jpg.rf.2815831389437b76d6d89930be887b31.jpg,3863056,14365,0.37%
143,00145_frog_eye_leaf_spot_jpg.rf.1ed32ff8219b71ea6b1b8b9140cc7341.jpg,4018419,59370,1.48%
144,00146_frog_eye_leaf_spot_jpg.rf.47f4d61b21070523c27a510a01c1299e.jpg,3573510,168726,4.72%
145,00147_frog_eye_leaf_spot_jpg.rf.82a91af71b33c126fbc240b6670931d6.jpg,4055276,24187,0.60%
146,00148_frog_eye_leaf_spot_jpg.rf.b0595e827e3430f92890d24716c058ba.jpg,2531949,40366,1.59%
147,00149_frog_eye_leaf_spot_jpg.rf.6a6955a168f07fee3977703740c9b579.jpg,3624576,124922,3.45%
148,00150_frog_eye_leaf_spot_jpg.rf.b44d366c59394bfc101981a596632315.jpg,4740991,48672,1.03%
149,00151_frog_eye_leaf_spot_jpg.rf.b62894cb97b90ea1f6801bec25a99913.jpg,2970171,6673,0.22%
150,00152_frog_eye_leaf_spot_jpg.rf.3353fa327eadb9cbf4fad9e48a0dfef9.jpg,4969349,35815,0.72%
151,00153_frog_eye_leaf_spot_jpg.rf.943090b5c7c6bc14921ee26fbbf732e4.jpg,1710503,100650,5.88%
152,00154_frog_eye_leaf_spot_jpg.rf.c285fe0166cb0d4e3f8e503e2045f384.jpg,5556560,6677,0.12%
153,00155_frog_eye_leaf_spot_jpg.rf.80e530af28f58c30dad1ee5589c5a959.jpg,3686959,42185,1.14%
154,00156_frog_eye_leaf_spot_jpg.rf.678d53805537ccdb72556ef66cf2af4b.jpg,4403778,13114,0.30%
155,00157_frog_eye_leaf_spot_jpg.rf.580b059134ad18507c5106a5948ab158.jpg,4794170,43963,0.92%
156,00158_frog_eye_leaf_spot_jpg.rf.143bf9c6e688c5b0def3fde637cb26fa.jpg,5666907,9979,0.18%
157,00159_frog_eye_leaf_spot_jpg.rf.2601370ea522e38041c4454a56417f5d.jpg,5302417,26579,0.50%
158,00160_frog_eye_leaf_spot_jpg.rf.60704b2ae7c31233ac81107d5a0a48a3.jpg,4261160,39754,0.93%
159,00161_frog_eye_leaf_spot_jpg.rf.d2a4e33990c4dc64e9622267ef901ec5.jpg,5385445,51228,0.95%
160,00162_frog_eye_leaf_spot_jpg.rf.f3bcc13e5d5c9ef6c540a3bb5dbe0ebc.jpg,5777817,43169,0.75%
161,00163_frog_eye_leaf_spot_jpg.rf.e1c8a5ca8a20362a170470e2892fbfee.jpg,3492464,119256,3.41%
162,00164_frog_eye_leaf_spot_jpg.rf.500afa992c79f1e8780a4c5011dac0fc.jpg,5486545,8429,0.15%
163,00165_frog_eye_leaf_spot_jpg.rf.e58fd70dad532a96bb524d63de79b8bc.jpg,2784875,17078,0.61%
164,00166_frog_eye_leaf_spot_jpg.rf.c2b8e113827a68abe984ac2230b6d23d.jpg,2537012,80013,3.15%
165,00167_frog_eye_leaf_spot_jpg.rf.f56a927887e0be56f8588e66e76425b4.jpg,5046793,46262,0.92%
166,00168_frog_eye_leaf_spot_jpg.rf.7106c63208c2666666155b8cdd24587f.jpg,3159456,141088,4.47%
167,00169_frog_eye_leaf_spot_jpg.rf.99871c09bf574492e357696d8a9bac6a.jpg,5324230,15393,0.29%
168,00170_frog_eye_leaf_spot_jpg.rf.c8f4b61af7b17d5dbe14b1cc3ff29b13.jpg,4501882,19189,0.43%
169,00171_frog_eye_leaf_spot_jpg.rf.4db07308defecb8bc55ff90075c5d86f.jpg,3202704,10761,0.34%
170,00172_frog_eye_leaf_spot_jpg.rf.13a63395675de4223282bfe8d2f955cf.jpg,3293567,41987,1.27%
171,00173_frog_eye_leaf_spot_jpg.rf.d05ff8d09e5ae92c46b759cf88621896.jpg,3298760,56678,1.72%
172,00174_frog_eye_leaf_spot_jpg.rf.01d9a9827ae88685f806b1b914a7777c.jpg,3940834,47718,1.21%
173,00175_frog_eye_leaf_spot_jpg.rf.1c735160b8d339980487432c8e10b601.jpg,4357094,48374,1.11%
174,00176_frog_eye_leaf_spot_jpg.rf.841ae2196bf244045c64d499d2d2f305.jpg,3971349,91392,2.30%
175,00177_frog_eye_leaf_spot_jpg.rf.87edea2eeefe6cc820631183fe16a8e3.jpg,3763013,44937,1.19%
176,04354_healthy_jpg.rf.fe619735923f17a031bec7f5112b177f.jpg,2114800,0,0.00%
177,04355_healthy_jpg.rf.78b5fd889fd96fabce16b09b4f56202d.jpg,4029913,0,0.00%
178,04356_healthy_jpg.rf.1d2600dd387a2cbb23b8d52edaf9d325.jpg,3678512,0,0.00%
179,04357_healthy_jpg.rf.f0b8132c51d533296c900662ede13d3f.jpg,3428885,0,0.00%
180,04358_healthy_jpg.rf.f93ca5aad0db2dbb985b0d479a0fc716.jpg,4595202,0,0.00%
181,04359_healthy_jpg.rf.710d4cd7bc059a2ed1f7aa360b8cf527.jpg,4750434,0,0.00%
182,04360_healthy_jpg.rf.5946aa05da6ad6ce53f6cda906d97d8b.jpg,2607058,0,0.00%
183,04361_healthy_jpg.rf.346ccfb94026f40100b3b4f4e9c4bfe7.jpg,3770923,0,0.00%
184,04362_healthy_jpg.rf.5650e3c94d557cff67792e6c83ca1b37.jpg,4055387,0,0.00%
185,04363_healthy_jpg.rf.f8af4381fd6144edefe7cd320377d823.jpg,4416628,0,0.00%
186,04364_healthy_jpg.rf.ac41146fa9ca7c9003feab331ab285c8.jpg,2461283,0,0.00%
187,04365_healthy_jpg.rf.079794c3803bf19f2ed380cab4511170.jpg,1813781,0,0.00%
188,04366_healthy_jpg.rf.efb289540cca823c1bf0f4fff2678ca2.jpg,4350936,0,0.00%
189,04367_healthy_jpg.rf.05897ebfa60b3a4b39a85ec89d531909.jpg,6912571,0,0.00%
190,04368_healthy_jpg.rf.fbfffe26d8d383b4ffc4220dcc1f4dc2.jpg,1208530,0,0.00%
191,04369_healthy_jpg.rf.3c672d9af1ae9166503d78e97eedad07.jpg,1750622,0,0.00%
192,04370_healthy_jpg.rf.f515a2d176b9c6b1ddfebacc6ae05b6e.jpg,1989040,0,0.00%
193,04371_healthy_jpg.rf.ae994e35a3c487785a90b5b0f6cc57a0.jpg,4243248,0,0.00%
194,04372_healthy_jpg.rf.9244d231c3ea992d6fcd2e10d4ae559b.jpg,2083909,0,0.00%
195,04373_healthy_jpg.rf.549b733590dc2397684d8fc98ae61660.jpg,3377657,0,0.00%
196,04374_healthy_jpg.rf.22b1d5a3d6470356e2222b8bfc97d901.jpg,5686613,0,0.00%
197,04375_healthy_jpg.rf.721c9e1abb4dc012e2ee2a15a15e7b7a.jpg,1551652,0,0.00%
198,04376_healthy_jpg.rf.316c59df4deab2d8806503ece2ec4cde.jpg,2584221,0,0.00%
199,04377_healthy_jpg.rf.abac52a982eec5af813e5905873e4f15.jpg,3793837,0,0.00%
200,04378_healthy_jpg.rf.eb5d8d69233277f637dbd1d5056e0c56.jpg,2472514,0,0.00%
201,04379_healthy_jpg.rf.0bfdba15753108ef19d5308ac56162ea.jpg,2348810,0,0.00%
202,04380_healthy_jpg.rf.5bd7caa4c998deda86d5f508d8298872.jpg,4922322,0,0.00%
203,04381_healthy_jpg.rf.d5b1b65aa78765db9c0feb71603c5e85.jpg,4958211,0,0.00%
204,04382_healthy_jpg.rf.ec6a24544f073aa50979180e2be312bf.jpg,4077190,0,0.00%
205,04383_healthy_jpg.rf.b4f82727be249689d9c3b1db4054f9b1.jpg,3182010,0,0.00%
206,04384_healthy_jpg.rf.0a97466f9c4a57d9c5ed9c46356e8dda.jpg,3396763,0,0.00%
207,04385_healthy_jpg.rf.33dd46ead331f868e7e09f10c5544bd5.jpg,4375994,0,0.00%
208,04386_healthy_jpg.rf.d5737217875dcff19502ea6de8d35ebc.jpg,4712455,0,0.00%
209,04387_healthy_jpg.rf.46ec98b656d795ef51b85a3e6bb81e94.jpg,5712846,0,0.00%
210,04388_healthy_jpg.rf.0a6dc97d95f1f63232e399ae0454fa40.jpg,5546905,0,0.00%
211,04389_healthy_jpg.rf.f83db52eaced23391a11ecd5d02267ab.jpg,3885471,0,0.00%
212,04390_healthy_jpg.rf.31f08cbe02b259baddbd515654c470e8.jpg,3942967,0,0.00%
213,04391_healthy_jpg.rf.41052cf8c4cb47e52802b5447bbd7b31.jpg,2858051,0,0.00%
214,04392_healthy_jpg.rf.174087edf230a2cead5e5424199f7800.jpg,4650753,0,0.00%
215,04393_healthy_jpg.rf.ea2461269c05318aff2366a6c206bd28.jpg,4420776,0,0.00%
216,04394_healthy_jpg.rf.6e719cc244cc795641c42e28b6543d0d.jpg,5117992,0,0.00%
217,04395_healthy_jpg.rf.220a209163e94930d431ea9f13816521.jpg,4703918,0,0.00%
218,04396_healthy_jpg.rf.d916459831eda2776a79a1beb56375f3.jpg,3464893,0,0.00%
219,04397_healthy_jpg.rf.df75b3a15e23de12f5a865608b1fd8f2.jpg,4204564,0,0.00%
220,04398_healthy_jpg.rf.13fd6a8388be1dd54a5e8e56e2b27019.jpg,3374270,0,0.00%
221,04399_healthy_jpg.rf.1dd19ea34e14e6335d3b11032b451730.jpg,4668786,0,0.00%
222,04400_healthy_jpg.rf.679abbc7449acd58ed17608a4c357d11.jpg,4475444,0,0.00%
223,04401_healthy_jpg.rf.5d58970f3efbdb92181469dc81da74d9.jpg,2076845,0,0.00%
224,04402_healthy_jpg.rf.b722d83d9cff07534efc3b0bcc4f62f9.jpg,4770761,0,0.00%
225,04403_healthy_jpg.rf.2b74c83dedb0f2fabaff55d9a62d32b5.jpg,6018417,0,0.00%
226,04404_healthy_jpg.rf.138600a2bd39dcebdde5a2dc3fcfebf7.jpg,4615860,0,0.00%
227,04405_healthy_jpg.rf.65e46a8149e2f6d949d4d13803ae40fc.jpg,2659109,0,0.00%
228,04406_healthy_jpg.rf.ada2bcbba4bf7274697128e85a3ed9b5.jpg,4572588,0,0.00%
229,04407_healthy_jpg.rf.65598f92e32776b6ae233523a725ddbf.jpg,1816486,0,0.00%
230,04408_healthy_jpg.rf.17e2658d0a3c77aac766782e37c266ab.jpg,5494576,0,0.00%
231,04409_healthy_jpg.rf.6e3fc5ccd567b18c01f073c7dd674ccb.jpg,2900989,0,0.00%
232,04410_healthy_jpg.rf.5efe8b28c042ccae54259652fcd6aa8b.jpg,5691109,0,0.00%
233,04411_healthy_jpg.rf.899c205461839909b9fea88289b5ca87.jpg,1653421,0,0.00%
234,04412_healthy_jpg.rf.5c2c3a62e917d6a4c8020b7e5e5c4fb5.jpg,3818120,0,0.00%
235,04413_healthy_jpg.rf.d4c81cdc02bfedaa562ec852da1f11e8.jpg,3828204,0,0.00%
236,04414_healthy_jpg.rf.ba428e80c4124b4c48774d09ecf20365.jpg,3788945,0,0.00%
237,04415_healthy_jpg.rf.929cd2c0aeb13a9e0f11745cfbff75ed.jpg,3720057,0,0.00%
238,04416_healthy_jpg.rf.c78835500f88866fd30f77e791aa93f7.jpg,3599431,0,0.00%
239,04417_healthy_jpg.rf.84c69f71fe05f54a3aba73a3e1986160.jpg,2867966,0,0.00%
240,04418_healthy_jpg.rf.8fc2c11567f54b2dfe5888bfd95bfabe.jpg,2313221,0,0.00%
241,04419_healthy_jpg.rf.2440e16c7e7bd78ffafbebfa62b26179.jpg,5367210,0,0.00%
242,04420_healthy_jpg.rf.1957617d7e72146b79194f1351ffb9fe.jpg,2799607,0,0.00%
243,04421_healthy_jpg.rf.106fdbe354e6c91ae72ec5940cd0e038.jpg,5380720,0,0.00%
244,04422_healthy_jpg.rf.6b58acd5441f71ce2ece5b4b160a9f1a.jpg,2530829,0,0.00%
245,04423_healthy_jpg.rf.9d44bb5798300560bfe072dcd365f10b.jpg,3793867,0,0.00%
246,04424_healthy_jpg.rf.bda25bb8d581bbb7eea791c39a0af9cd.jpg,3904886,0,0.00%
247,04425_healthy_jpg.rf.fec24ff937705ee2ca707a7574497bf2.jpg,4896768,0,0.00%
248,04426_healthy_jpg.rf.9a77360fc71b1fba433d92f96bdda6b9.jpg,5292643,0,0.00%
249,04427_healthy_jpg.rf.6fba9e8a909931f0166c6c40117ccf9e.jpg,1983306,0,0.00%
250,04428_healthy_jpg.rf.cacc365c5d83d5b15bb90a166706b99f.jpg,3887169,0,0.00%
251,04429_healthy_jpg.rf.61fcc97eda3c2df6062506decf047e0b.jpg,4747098,0,0.00%
252,04430_healthy_jpg.rf.e8251eb4621fef7ebe208ce3b0fe1197.jpg,4284592,0,0.00%
253,04431_healthy_jpg.rf.1e3120ced42817f98341837730a912e5.jpg,4099641,0,0.00%
254,04432_healthy_jpg.rf.8c96a3a2eabaedd8e8e9cead148299ec.jpg,2128721,0,0.00%
255,04433_healthy_jpg.rf.cde4132275d6c8d3e09e96819572f17c.jpg,5675611,0,0.00%
256,04434_healthy_jpg.rf.e7a71108375a39f6f33253141562930b.jpg,4131091,0,0.00%
257,04435_healthy_jpg.rf.4cf99ac39c7602d22e21bb34afeadd9e.jpg,3690418,0,0.00%
258,04436_healthy_jpg.rf.696b594b70760a481edce12cb9b9545b.jpg,4201671,0,0.00%
259,04437_healthy_jpg.rf.7f030e7262c9a03a33441e27eb84bbbe.jpg,1715129,0,0.00%
260,04438_healthy_jpg.rf.44542d162e71b3ab81a4605711268c60.jpg,3185277,0,0.00%
261,04439_healthy_jpg.rf.ea196edb934ab314a2211c548a29c6c8.jpg,3906980,0,0.00%
262,04440_healthy_jpg.rf.75e7c8a6d49a70396c3d85d92b759094.jpg,5587361,0,0.00%
263,04441_healthy_jpg.rf.7250095fb74862855744ef4f9333d183.jpg,3752981,0,0.00%
264,04442_healthy_jpg.rf.0465c2c08dead4785e7524d9ba796190.jpg,4523344,0,0.00%
265,04443_healthy_jpg.rf.3c62fc6a3818e65a376584c03388203c.jpg,2792318,0,0.00%
266,04444_healthy_jpg.rf.54c00a30a843539f8adae6c9324887f7.jpg,1253788,0,0.00%
267,04445_healthy_jpg.rf.a3b1d168034245078287c51aa0530704.jpg,1571837,0,0.00%
268,04446_healthy_jpg.rf.98bf037af38e18f5cf8da3e3469f89b1.jpg,4874925,0,0.00%
269,04447_healthy_jpg.rf.5e2538b76e8c12b7f0bc04a3931d8df7.jpg,2521488,0,0.00%
270,04448_healthy_jpg.rf.69ecac8550aec71dcb2ce3266c95c742.jpg,3223223,0,0.00%
271,04449_healthy_jpg.rf.3df896f066eea03435fc642ab1f115a9.jpg,3667858,0,0.00%
272,04450_healthy_jpg.rf.8304d09afcf40ced297d7d34ca3f8fd8.jpg,2620777,0,0.00%
273,04451_healthy_jpg.rf.c5c1d3aea7381f318e13f0b76e3d7df4.jpg,3172357,0,0.00%
274,04452_healthy_jpg.rf.263474d76c60d0706090b1423bf5d6ea.jpg,5968112,0,0.00%
275,04453_healthy_jpg.rf.be13bf5926d8ee4670cae74ce400fa60.jpg,5500347,0,0.00%
276,04454_healthy_jpg.rf.5f4cae36def711266c5299fb77fb33ac.jpg,4081322,0,0.00%
277,04455_healthy_jpg.rf.6ee4b1be7244873839df45fc5e64058f.jpg,2219513,0,0.00%
278,04456_healthy_jpg.rf.21c69238d26c4a358c7527bfb004c72e.jpg,2583698,0,0.00%
279,04457_healthy_jpg.rf.10ca6dd8ccfb6852510f6aa4ac75d0b4.jpg,4342707,0,0.00%
280,04458_healthy_jpg.rf.fdb74280cad9680085a53305309ebfac.jpg,4928173,0,0.00%
281,04459_healthy_jpg.rf.311803faf7083966c9d04e332bf7d095.jpg,3365324,0,0.00%
282,04460_healthy_jpg.rf.604064ca07ae296c968b60ec80b9c849.jpg,3915797,0,0.00%
283,04461_healthy_jpg.rf.04e959fb3f38e7c79e3f0c4c551ce5f1.jpg,2945826,0,0.00%
284,04462_healthy_jpg.rf.3ee4849a1fd8d9debda72c0da0e71db6.jpg,3798687,0,0.00%
285,04463_healthy_jpg.rf.93c52d4240adcb1f95287d3c6cf14d6c.jpg,5266017,0,0.00%
286,04464_healthy_jpg.rf.5bfcbd21f09f46e8f3655333961e2e24.jpg,2601001,0,0.00%
287,04465_healthy_jpg.rf.7f941ffa0a46c8ce3d7f4a1beabdf0e2.jpg,6026668,0,0.00%
288,04466_healthy_jpg.rf.3d1894fe585f44c705284bb661374a00.jpg,4182516,0,0.00%
289,04467_healthy_jpg.rf.65b511dee9e5ba4b087bb09bd54ee1e7.jpg,1645719,0,0.00%
290,04468_healthy_jpg.rf.1d01665847475f3e2eed7e6230a89882.jpg,3121234,0,0.00%
291,04469_healthy_jpg.rf.6469ac12c397a64ebb5cd0ed59e6d0c1.jpg,3734407,0,0.00%
292,04470_healthy_jpg.rf.e8232bc3d46ab96f0ee5c3d447738f7b.jpg,2555391,0,0.00%
293,04471_healthy_jpg.rf.2b3cb43cdfdc97ae6122b8440a4f14c1.jpg,3864402,0,0.00%
294,04472_healthy_jpg.rf.f0312f8c2d15e68084a323a143b7e69d.jpg,3954203,0,0.00%
295,04473_healthy_jpg.rf.627e01c0e5e99105724f5d5ab8f56ec0.jpg,3346286,0,0.00%
296,04474_healthy_jpg.rf.b3d66c4172f94f951032d8bdf870fe59.jpg,3719829,0,0.00%
297,04475_healthy_jpg.rf.a4dd7aeea09c684d9a1660dc49c4dbf0.jpg,3344504,0,0.00%
298,04476_healthy_jpg.rf.9cb9b86f3ab0adca68190d590b2df59b.jpg,4024391,0,0.00%
299,04477_healthy_jpg.rf.a66d244062f5caf4b965a809bec58c24.jpg,1401936,0,0.00%
300,04478_healthy_jpg.rf.2c512d850eae5aaae6bdc827f8962ae5.jpg,2527780,0,0.00%
301,04479_healthy_jpg.rf.88bef36e3fd3bdcec4914a0ddbc79d81.jpg,3080999,0,0.00%
302,04480_healthy_jpg.rf.6e2618ad9b221fad1e35af516f8e4ca7.jpg,4902832,0,0.00%
303,04481_healthy_jpg.rf.bc342b3a2ea989c48a416baf7fbf4d6e.jpg,4045403,0,0.00%
304,04482_healthy_jpg.rf.65855476bf71481e2798261338abcd3b.jpg,4004867,0,0.00%
305,04483_healthy_jpg.rf.ef9d9b74acf9a3164b4eb70efc62c833.jpg,3479080,0,0.00%
306,04484_healthy_jpg.rf.7aed523f703c176cd1e04b2d5fea8233.jpg,2988971,0,0.00%
307,04485_healthy_jpg.rf.991c41203a09999f5cf63923c469e110.jpg,3655208,0,0.00%
308,04486_healthy_jpg.rf.d79c40ac2ee7b87904d8de5dc6f21579.jpg,2353016,0,0.00%
309,04487_healthy_jpg.rf.1140ce4aa1376f4c4db33ac9134f999b.jpg,4486029,0,0.00%
310,04488_healthy_jpg.rf.3bfc18ef276a685cecd30a289c331ccb.jpg,3301373,0,0.00%
311,04489_healthy_jpg.rf.559ce4982b0cc89a1b669d81aaf78bea.jpg,1707299,0,0.00%
312,04490_healthy_jpg.rf.801acda58f193316f42d4dfc565e1d2e.jpg,4698478,0,0.00%
313,04491_healthy_jpg.rf.74fbbb43249ad869f5fbd652b04c2fa5.jpg,1930805,0,0.00%
314,04492_healthy_jpg.rf.855791ef87968f23a27ba67551bee631.jpg,4729172,0,0.00%
315,04493_healthy_jpg.rf.01d3ff15090047464a985c656d2b5f88.jpg,3907685,0,0.00%
316,04494_healthy_jpg.rf.a9d1ac1efd0c7bca715a8b7cce1135f4.jpg,3286925,0,0.00%
317,04495_healthy_jpg.rf.92c0919c2ee138456877474829f8989d.jpg,3335490,0,0.00%
318,04496_healthy_jpg.rf.d2e38d479e92ba289daff2c7e7ef80c9.jpg,2561454,0,0.00%
319,04497_healthy_jpg.rf.8739517e0eeeca7a33a1b6946fc01d01.jpg,2330197,0,0.00%
320,04498_healthy_jpg.rf.eb7b78477e67588c558e0a8974e65b72.jpg,3280931,0,0.00%
321,04499_healthy_jpg.rf.20089945a5ab4cf6b79dedbe8b32926b.jpg,5014497,0,0.00%
322,04500_healthy_jpg.rf.466f4c02eca6d39f200ac62e41ee6f30.jpg,3597223,0,0.00%
323,04501_healthy_jpg.rf.ff36655e7b98ab9c63ad776bcb5da780.jpg,2088859,0,0.00%
324,04502_healthy_jpg.rf.f98649cb347d76f9e99edcfcea2745cf.jpg,3419627,0,0.00%
325,04503_healthy_jpg.rf.64237b402655b0ba5a5fe88ece572a10.jpg,4837176,0,0.00%
326,04504_healthy_jpg.rf.8fcb5fb7699c7e5bafd5e0caf331121b.jpg,2047300,0,0.00%
327,04505_healthy_jpg.rf.bc55a06650e716095fb7dba53400f0d3.jpg,1952415,0,0.00%
328,04506_healthy_jpg.rf.e907dd13b18b2f4bc08fefa0867c51b5.jpg,4141053,0,0.00%
329,04507_healthy_jpg.rf.078a4a0758248217beeca3479c1cead1.jpg,4961668,0,0.00%
330,04508_healthy_jpg.rf.afddc420be21d59c914865ea59895b02.jpg,3376124,0,0.00%
331,04509_healthy_jpg.rf.a2f784801a2adea8c3d96270dd0c23cd.jpg,4514303,0,0.00%
332,04510_healthy_jpg.rf.0457400e5bf352032ede6ea757bb217e.jpg,3866814,0,0.00%
333,04511_healthy_jpg.rf.bc4b85f621542c4a75c2c3f267a37bc3.jpg,3532923,0,0.00%
334,04512_healthy_jpg.rf.3cfc616d09cbc367dfbe0bdeac22a0d5.jpg,2712240,0,0.00%
335,04513_healthy_jpg.rf.05a760d798b7aa1494646288faaa33a8.jpg,2797989,0,0.00%
336,04514_healthy_jpg.rf.943d0176f71ba49e7fb658263702ccdb.jpg,2718547,0,0.00%
337,04515_healthy_jpg.rf.085789573ffb53ab9b4ef67620fcc370.jpg,5712862,0,0.00%
338,04516_healthy_jpg.rf.0d09069954ecc85643693981a7330f1a.jpg,5772841,0,0.00%
339,04517_healthy_jpg.rf.3a6ecd8759b5c18cb72a7cc827bdfc25.jpg,3904184,0,0.00%
340,04518_healthy_jpg.rf.f7900cf69ffefcfa5f55f673bcd1fdc8.jpg,5109534,0,0.00%
341,04519_healthy_jpg.rf.9c7fb83a9987057122488f23f1487977.jpg,3211680,0,0.00%
342,04520_healthy_jpg.rf.753cab7bda31ff6f84611f021150e82f.jpg,2446506,0,0.00%
343,04521_healthy_jpg.rf.b681c4d54b62da78886ee056de0737bd.jpg,4124077,0,0.00%
344,04522_healthy_jpg.rf.404eb15a47f84d6a80bc4ce41303f29e.jpg,3316311,0,0.00%
345,04523_healthy_jpg.rf.55018a10c0064bdd75cb7fa2180d2f69.jpg,3891561,0,0.00%
346,04524_healthy_jpg.rf.5856b0f3c1fdfb42d2d9412864190859.jpg,3378271,0,0.00%
347,04525_healthy_jpg.rf.3a5f2914f9e8c25dd459e64972009d60.jpg,2268284,0,0.00%
348,04526_healthy_jpg.rf.d99702174233777342078cb424938878.jpg,2543890,0,0.00%
349,04527_healthy_jpg.rf.e21b21be9aeaa3ee0a1fb651cc03a2f4.jpg,3789330,0,0.00%
350,04528_healthy_jpg.rf.4c424a258b6df79d354b879bf305902a.jpg,3369071,0,0.00%
351,08977_rust_jpg.rf.790cd434d56aa86e06fcaf3ac3d995ba.jpg,1608746,24541,1.53%
352,08978_rust_jpg.rf.a75af36c207b627dda816d8266391a22.jpg,4949858,389982,7.88%
353,08979_rust_jpg.rf.23ae54e7b0dd1ec779cb4f3c30087ecd.jpg,1006695,16392,1.63%
354,08980_rust_jpg.rf.6bf829d62aa333259101f1b367224a42.jpg,1841097,50215,2.73%
355,08981_rust_jpg.rf.779e2b65c5607f9c14c1bb98ceadf9f8.jpg,1649954,13723,0.83%
356,08982_rust_jpg.rf.8a02fa44a5760e0edf8008bc6b5fc716.jpg,2291845,3804,0.17%
357,08983_rust_jpg.rf.afe152d614093581fa4497cccf74f153.jpg,1254506,61439,4.90%
358,08984_rust_jpg.rf.86017ca6739d69460f206905590e9c31.jpg,4117632,57955,1.41%
359,08985_rust_jpg.rf.997432c1f0629d5fd808154a06ebce1b.jpg,2228879,75749,3.40%
360,08986_rust_jpg.rf.1dadc82cb2f0a80138926c12b3a40259.jpg,1879069,9113,0.48%
361,08987_rust_jpg.rf.8016171fabd32a52e028c8c1d4d960cb.jpg,1787529,69823,3.91%
362,08988_rust_jpg.rf.3d6f7c27d96fe0473ce13ec7567d4a60.jpg,1584496,31747,2.00%
363,08989_rust_jpg.rf.0f2c88c8489135fa6b83299542e2ef3e.jpg,1387878,31230,2.25%
364,08990_rust_jpg.rf.1dfb5ceffe6e9b81681b5cea151ef7d6.jpg,2370408,97588,4.12%
365,08991_rust_jpg.rf.e218fc6583a35e7201e54a24bc327fa6.jpg,1033685,10121,0.98%
366,08992_rust_jpg.rf.3157f368a67c8359bcf42c7cf433da9b.jpg,1139223,17483,1.53%
367,08993_rust_jpg.rf.98ae603333dc63a7051227e2011f1c2c.jpg,3615007,223819,6.19%
368,08994_rust_jpg.rf.9409853116ee874aae1807b590df8aac.jpg,2480661,157828,6.36%
369,08995_rust_jpg.rf.c592c9a830b958d0d10943be7697052b.jpg,2196588,85704,3.90%
370,08996_rust_jpg.rf.5340b565620b0c56b9bfd6cb5209f951.jpg,2757473,26757,0.97%
371,08997_rust_jpg.rf.4327220b8cb0986cff6f68452ac1fa6f.jpg,964927,31808,3.30%
372,08998_rust_jpg.rf.abe737db9fb737ebc7c038a77b4e58b9.jpg,2003051,100662,5.03%
373,09000_rust_jpg.rf.f60780e421a4fe63235527aff0160119.jpg,1545869,5002,0.32%
374,09001_rust_jpg.rf.f68815c1da43763aae393abae0b8dbab.jpg,4088841,351911,8.61%
375,09002_rust_jpg.rf.55030ab2c642be3e476fea00eb3c5635.jpg,4261719,62105,1.46%
376,09003_rust_jpg.rf.f9cc33dbf1763b30144c627acb7ec8b0.jpg,4811476,346094,7.19%
377,09004_rust_jpg.rf.5c3dcd68c1a2b0a7228cd4f0f43412a5.jpg,2891950,161150,5.57%
378,09005_rust_jpg.rf.08318bdfe881ca49992603cc84ec4cd8.jpg,2819433,32063,1.14%
379,09006_rust_jpg.rf.5a39339eacf0ded5c8f80afaf6d2909b.jpg,3466926,119424,3.44%
380,09008_rust_jpg.rf.5b031c4a6b3c5f62059e2f20bcc1b604.jpg,3651855,299988,8.21%
381,09009_rust_jpg.rf.c553191c6ef42da0c3d956e23a1af2ea.jpg,2454535,39356,1.60%
382,09010_rust_jpg.rf.80b9ec5fa256b609f9ee77fd5fec1ffb.jpg,5695036,31471,0.55%
383,09011_rust_jpg.rf.9c175c67525527531e6516c30eacf71a.jpg,3838265,116758,3.04%
384,09012_rust_jpg.rf.bb0ee9f116d4d03f1d475bcbbca9c557.jpg,2090453,96509,4.62%
385,09013_rust_jpg.rf.5e7d61085fa89d3aa627aecbcedfcd06.jpg,1559603,31875,2.04%
386,09014_rust_jpg.rf.741abec1e4b9c7b2af9347a36ae7a28e.jpg,1702530,12979,0.76%
387,09015_rust_jpg.rf.fc5dd093cb9a165677cccc24afe8909c.jpg,415928,17990,4.33%
388,09016_rust_jpg.rf.f3560f4cd5b55b054b45c28c59bd60b6.jpg,1413708,28666,2.03%
389,09017_rust_jpg.rf.c8f5c635f4de69dfb517dca395a4026e.jpg,3477785,53238,1.53%
390,09018_rust_jpg.rf.8256ff0dc0d065dff73059b2a17ed06d.jpg,3181073,339202,10.66%
391,09019_rust_jpg.rf.f031d7cbe80a29f4d7bc26aad336c131.jpg,2195692,3407,0.16%
392,09020_rust_jpg.rf.2c9932a98c4e0af0bbf83da6f5bc7416.jpg,1111981,21541,1.94%
393,09022_rust_jpg.rf.3eb7b68ccdea95e1e4866222bd04ee6f.jpg,1817704,65096,3.58%
394,09023_rust_jpg.rf.1bd8dfff5a738c2a614dff0abe4d86be.jpg,2105659,47147,2.24%
395,09024_rust_jpg.rf.2c6d3ab4af5b57530444f38f123101e1.jpg,1153184,14644,1.27%
396,09025_rust_jpg.rf.2c25f0e774361190df95b90aab20d172.jpg,904944,3070,0.34%
397,09026_rust_jpg.rf.7748d2a15e1db2709ac56684f87c95be.jpg,789318,29113,3.69%
398,09027_rust_jpg.rf.bf93f2beb942ca494b18c33ee8c415f7.jpg,1525922,40013,2.62%
399,09028_rust_jpg.rf.03773ce24f2bf3d68afcdea823bdca18.jpg,1810392,12662,0.70%
400,09029_rust_jpg.rf.421ed898a576a645b311efc297cabea7.jpg,2004301,7260,0.36%
401,09031_rust_jpg.rf.02bcdee7bb798ace05e0d90bd3b4a052.jpg,2459167,307235,12.49%
402,09032_rust_jpg.rf.ebdffbe3dc44c2d64d7e286acb608740.jpg,1642660,18962,1.15%
403,09033_rust_jpg.rf.56caf44f4bdcc466e8cf4e6f705486be.jpg,1465981,14456,0.99%
404,09034_rust_jpg.rf.105a766f39044fcad6c1b390f65e5d58.jpg,1934550,113326,5.86%
405,09035_rust_jpg.rf.55c7d7cd44a98a0011b46b50a4ee4fcb.jpg,811689,15384,1.90%
406,09036_rust_jpg.rf.fb38674ee494a508b74019e7a20bbe1d.jpg,3918691,257191,6.56%
407,09037_rust_jpg.rf.7c2177e660871ce51619f95a5ec5adc5.jpg,2602126,18072,0.69%
408,09038_rust_jpg.rf.f0b0b248fe711f1a5eec2c7545e4a112.jpg,2004829,9428,0.47%
409,09039_rust_jpg.rf.25e4dcfcba2954c3775d586cfc4028b5.jpg,929515,4492,0.48%
410,09041_rust_jpg.rf.61ae214579ff9115ee06ff1313bace25.jpg,1774295,178501,10.06%
411,09042_rust_jpg.rf.707d6844d0ba4ce8b4dbc915b0ae0b47.jpg,2320449,179682,7.74%
412,09043_rust_jpg.rf.6345f2106c47081f76e90bbf6953f5fc.jpg,4011523,92080,2.30%
413,09044_rust_jpg.rf.d360dbc0ce6955ab425eab6309f5d016.jpg,2157246,9800,0.45%
414,09045_rust_jpg.rf.7ba53354dd9feb980f9774308d09eeb6.jpg,1483797,19206,1.29%
415,09046_rust_jpg.rf.bbebfeb70ea6c1789285dd7a50ea4bca.jpg,2005683,16194,0.81%
416,09047_rust_jpg.rf.2920e14e558c9fa1a1dca441c16d1aab.jpg,1837287,49174,2.68%
417,09048_rust_jpg.rf.28d13a0927bdbde01e18428437d8beb9.jpg,2446733,275333,11.25%
418,09049_rust_jpg.rf.2a84d870a3ec672d24836fc2583a9218.jpg,1019153,15073,1.48%
419,09050_rust_jpg.rf.3840bff8ba3ef542b970d4c6d4ced384.jpg,3215198,18667,0.58%
420,09051_rust_jpg.rf.7ae610db35b58165b3c0d76a0ed20404.jpg,2053080,44759,2.18%
421,09052_rust_jpg.rf.a33ea6196173d45f412cd8da15bc5766.jpg,1629714,39073,2.40%
422,09053_rust_jpg.rf.2c8aa529ad1d35f655a3db91bbfc77e0.jpg,909606,41083,4.52%
423,09054_rust_jpg.rf.d3f6b14db722a902d2238a16cf1b93f9.jpg,2124529,14924,0.70%
424,09055_rust_jpg.rf.6b65a3de18f176d6a468d65fbdcd7612.jpg,6037957,236600,3.92%
425,09056_rust_jpg.rf.77908d0b2c950b73f8dc6377577b10a5.jpg,1414060,10877,0.77%
426,09057_rust_jpg.rf.6352cf7aca5f8d986dc750a973a8248e.jpg,1180373,15403,1.30%
427,09058_rust_jpg.rf.fa48b0a8ae60c94f838589e712a6f7f0.jpg,2905669,157305,5.41%
428,09059_rust_jpg.rf.24f3669ffe1917aa1f697ae37973888c.jpg,2188986,16424,0.75%
429,09060_rust_jpg.rf.d47c1dced2f502ca87a70e8aff6f30f3.jpg,1251554,25562,2.04%
430,09061_rust_jpg.rf.2b21d1e61f1640cd5d8adfba991e0678.jpg,3963706,240155,6.06%
431,09062_rust_jpg.rf.813f684535de612f2eaf94c176e0aafc.jpg,4524942,20085,0.44%
432,09063_rust_jpg.rf.6b2ca10aadbf06f634e1fa3298ddcc51.jpg,1714148,23211,1.35%
433,09064_rust_jpg.rf.b5a035cb9b5d06a026826b4e7bad4e6d.jpg,1260265,19777,1.57%
434,09065_rust_jpg.rf.6bfad9cb21456d8360930e546962f691.jpg,2009483,16892,0.84%
435,09066_rust_jpg.rf.e7fc682bb86d13468f4e9dd9a8827256.jpg,2055063,18611,0.91%
436,09067_rust_jpg.rf.90f01f4f6cb384816d27da700b0404ce.jpg,2238108,24709,1.10%
437,09068_rust_jpg.rf.02f510d20383206036e3e1160610cf1d.jpg,4699297,83807,1.78%
438,09069_rust_jpg.rf.5ddcc63a778fe8bc0590265c096ec56a.jpg,1789454,284033,15.87%
439,09070_rust_jpg.rf.894126f2ecc3b17091da1c55a28b54ea.jpg,1230912,20230,1.64%
440,09071_rust_jpg.rf.13d6acb6839a93bbf4e28f7d31f93783.jpg,1417536,9018,0.64%
441,09073_rust_jpg.rf.d6e280cb479f7a4da6b9b1396b90e08c.jpg,3242096,14329,0.44%
442,09074_rust_jpg.rf.1f457d7013191c7dff73892cdf05df25.jpg,2525867,104634,4.14%
443,09076_rust_jpg.rf.b9b44d38b5d63aa960223a18c9412aa5.jpg,7392587,587440,7.95%
444,09077_rust_jpg.rf.e69c9d9df969874e17e7b5de2aeb655e.jpg,2035564,131664,6.47%
445,09078_rust_jpg.rf.b431adf53c5de376d56081661e19132d.jpg,2142364,20430,0.95%
446,09079_rust_jpg.rf.68aead224bb4e76c8299b824a19ca5d1.jpg,1356325,8642,0.64%
447,09080_rust_jpg.rf.d328cea51d914f87af24ee4bf72502dd.jpg,1582805,7489,0.47%
448,09081_rust_jpg.rf.31051b7359a472ce2ead00c1bf7cde06.jpg,1748539,22481,1.29%
449,09083_rust_jpg.rf.7bb1c99957a4ff4fcfbf3f0de161d6a9.jpg,2761439,8016,0.29%
450,09084_rust_jpg.rf.c8ef467103a811e41edaa5be5f5f0b40.jpg,1603182,13086,0.82%
451,09090_rust_jpg.rf.235c876880dc4079eef540b4eb47b3a8.jpg,1552860,183551,11.82%
452,09091_rust_jpg.rf.4020dc5ec406b9062d9dfd6a23a51234.jpg,4445857,39471,0.89%
453,09092_rust_jpg.rf.d8a2d2f80275074c0c5a09c78fd630b3.jpg,1768753,21532,1.22%
454,09093_rust_jpg.rf.4a92a820e49325e6e752f1310214a3c1.jpg,1668636,67198,4.03%
455,09094_rust_jpg.rf.730ff38f7a4883a5349e729b6f10549a.jpg,3680419,68731,1.87%
456,09095_rust_jpg.rf.ddc6fe1f6d258caff077bff8242988f1.jpg,1355111,8677,0.64%
457,09096_rust_jpg.rf.484a61fbe569bd8ae7fd0fa8405c69cf.jpg,2224773,18975,0.85%
458,09097_rust_jpg.rf.2f4b1036afcc2a53a73941adebb7f623.jpg,2940010,87833,2.99%
459,09098_rust_jpg.rf.377a66076be886518c63ab0fff12ee7e.jpg,4430374,25843,0.58%
460,09099_rust_jpg.rf.a784ff11d183f14505cb2651f481d4f4.jpg,985929,15168,1.54%
461,09101_rust_jpg.rf.914c626c8b81177bd72836928d6f585e.jpg,664038,27204,4.10%
462,09102_rust_jpg.rf.6f64bbed951665e446b9f94824049bc6.jpg,1499354,32918,2.20%
463,09103_rust_jpg.rf.21f70d26363bfdc44470fe8695eaf19f.jpg,2095581,8155,0.39%
464,09104_rust_jpg.rf.b5e97eec28cbc1ecf3e91fd974530ab1.jpg,3395788,6153,0.18%
465,09105_rust_jpg.rf.e5ab14d2c31ea8a76ca3e0f2464568dd.jpg,1980132,25421,1.28%
466,09106_rust_jpg.rf.dad4ed1cde46c3af29ee3769b31cf441.jpg,5733520,90942,1.59%
467,09107_rust_jpg.rf.7f369039464027640f7987b914b4231d.jpg,3524358,84836,2.41%
468,09108_rust_jpg.rf.d0af30c17a72b5ead8b4a8ec7d67ed33.jpg,3859364,214408,5.56%
469,09109_rust_jpg.rf.1ec3fa3c2a0568834741b3acb7c3682b.jpg,1189193,10241,0.86%
470,09110_rust_jpg.rf.c511ec14d28e99e502511f8df0ee220d.jpg,1079349,31592,2.93%
471,09111_rust_jpg.rf.4d969decead10e82c97454657752fc04.jpg,1174357,67743,5.77%
472,09112_rust_jpg.rf.d15574352cf43658e95575a1b6ff7bd0.jpg,1306269,88010,6.74%
473,09113_rust_jpg.rf.ba7cbc91a84e9b4688b52e4c2fb29cda.jpg,1439881,11484,0.80%
474,09114_rust_jpg.rf.61871e3b4104ce420e5ab548268357c2.jpg,2212942,21023,0.95%
475,09115_rust_jpg.rf.f91ed009b22edc2ce1aa9ec97bef1509.jpg,2482711,15404,0.62%
476,09116_rust_jpg.rf.045abffabb92a2b527904ea57d593832.jpg,1905094,16760,0.88%
477,09117_rust_jpg.rf.d5130a71de583fc56aa2c983e3252050.jpg,2246660,7870,0.35%
478,09118_rust_jpg.rf.f605d5584530e4e444fae001c69d9a41.jpg,4680024,20697,0.44%
479,09120_rust_jpg.rf.3771f07078cbeaedef75ebba9fbcd856.jpg,1846138,34568,1.87%
480,09121_rust_jpg.rf.5dbd622ed1882a0682ac61b9f81a3acb.jpg,2563295,81264,3.17%
481,09122_rust_jpg.rf.8f472472e97be80b6e8457eb85ac7f0e.jpg,1427522,19738,1.38%
482,09123_rust_jpg.rf.5c7f8a924c1e07ab328ec0a34ec1cc31.jpg,1579698,407897,25.82%
483,09125_rust_jpg.rf.8d12e76f40273bf379d56c30dbff6bfc.jpg,1230435,12886,1.05%
484,09126_rust_jpg.rf.adc4c5dcde38e5a4c6cb2169f7a66467.jpg,2470650,80974,3.28%
485,09127_rust_jpg.rf.c25aa8ab0c6b95be2ca41d7904ad1389.jpg,1746976,68135,3.90%
486,09128_rust_jpg.rf.3f3c9111bc8b3d193f7208f2161d2157.jpg,3563956,237790,6.67%
487,09129_rust_jpg.rf.31465e3989167cec2b27e17a9afc929a.jpg,3482770,266328,7.65%
488,09130_rust_jpg.rf.8de589d0eaf5e8032efde8035c4f74f3.jpg,3919196,14902,0.38%
489,09131_rust_jpg.rf.6935f0dc53f69bab500d4487113f523d.jpg,1353879,5723,0.42%
490,09132_rust_jpg.rf.5c69c76b62be337e08d848d0c088e84e.jpg,4805795,20955,0.44%
491,09133_rust_jpg.rf.507c6b229730260a878151d90f43911a.jpg,2023375,120417,5.95%
492,09134_rust_jpg.rf.dcaccbe75f47c6beb8d031a50214a883.jpg,2372903,23650,1.00%
493,09135_rust_jpg.rf.b685a80475bebbe0f8f7a8a37b3c5cf5.jpg,2694100,179887,6.68%
494,09136_rust_jpg.rf.26c0cf4c7278ed0166505e2dfbc0cee7.jpg,1631487,20278,1.24%
495,09137_rust_jpg.rf.617e540696d9359c7e2d1dd7153c7a3e.jpg,1497716,11089,0.74%
496,09138_rust_jpg.rf.1795998e22240156235a97c2b4bb11b3.jpg,1824842,123686,6.78%
497,09139_rust_jpg.rf.2e625498fdb43ac954c036266736bcd2.jpg,1857401,28479,1.53%
498,09140_rust_jpg.rf.30d4d7ab8019467700261af5d9c1bbf2.jpg,1641548,24781,1.51%
499,09141_rust_jpg.rf.f9f4ed332f234a7f5af45e56fd818f39.jpg,2112691,54134,2.56%
500,09142_rust_jpg.rf.5d94e6a5036b348108a1e24d3eda150a.jpg,1688944,21384,1.27%
501,09143_rust_jpg.rf.a85628ecfa4c2f245192df1a56757130.jpg,818956,10333,1.26%
502,09144_rust_jpg.rf.1cf147b24f57db13a088395db836e9f8.jpg,851276,9749,1.15%
503,09145_rust_jpg.rf.527ee3ae104912a633108346b719c6fa.jpg,1752517,14688,0.84%
504,09146_rust_jpg.rf.82b09f85f6fa6b27e3921f3b1c606076.jpg,4222794,216496,5.13%
505,09147_rust_jpg.rf.0cea0a68ffc26758293e6d48ce46d236.jpg,1267749,40497,3.19%
506,09148_rust_jpg.rf.2f96f859710f9250ca40e9142cee0e39.jpg,1144923,31199,2.72%
507,09149_rust_jpg.rf.cf01617b9393c72818c498dea16ca866.jpg,1861263,233778,12.56%
508,09150_rust_jpg.rf.532253f2000f1bd94240672d30247498.jpg,970413,1597,0.16%
509,09151_rust_jpg.rf.9af037af083afd605a32d686391eca53.jpg,3026673,25856,0.85%
510,09152_rust_jpg.rf.bf5b218c763a943ec790bb7dba4f9ce9.jpg,1241492,18193,1.47%
511,09153_rust_jpg.rf.8eb65628ddbd3ab767e5a50ddd480244.jpg,2046221,54155,2.65%
512,09154_rust_jpg.rf.8d639364638e565f51b623fe8e76aeb8.jpg,11888204,1037683,8.73%
513,09155_rust_jpg.rf.5b880f25c6f0d2307e6c1d2918ef3c6e.jpg,3919665,14945,0.38%
514,09156_rust_jpg.rf.8dd85865075e832e6920bcdda916a13a.jpg,4081629,206776,5.07%
515,09157_rust_jpg.rf.56be0365797c9ff1ac179e1497dabbcd.jpg,3864432,99105,2.56%
516,09158_rust_jpg.rf.e6ae1b2962932587bbdcc048ebadec98.jpg,2195813,64784,2.95%
517,09159_rust_jpg.rf.0b8b70f41c0ad36a9aafab2ede0e74ee.jpg,2237158,139317,6.23%
518,09160_rust_jpg.rf.3e094f785dc225ac58973d357f5e49dc.jpg,1668926,194235,11.64%
519,09161_rust_jpg.rf.6915494e444e67e54d3d184e43938d7d.jpg,1755505,272051,15.50%
520,09162_rust_jpg.rf.845466d0149ec45a2f207a8989edd8ff.jpg,1762184,78278,4.44%
521,09163_rust_jpg.rf.6a4d7838a1119f53c538fb320cb46b81.jpg,1615600,13373,0.83%
522,09164_rust_jpg.rf.6c806c74e4c666c035ec9d350b0ac519.jpg,3946215,372567,9.44%
523,09165_rust_jpg.rf.3d578c234fadfa797632e1cbf40d3a64.jpg,1284011,134540,10.48%
524,09166_rust_jpg.rf.71a143225686891a7d243e2cc8512df4.jpg,2366646,74006,3.13%
525,09167_rust_jpg.rf.589167dda6b84afa5815b117e4e0b959.jpg,1866073,18383,0.99%
